n_samples,time
1000,1.937077522277832
5000,89.78735518455505
10000,388.0523157119751
15000,835.4004456996918
