n_samples,time
100,0.013687610626220703
250,0.06778860092163086
500,0.14592695236206055
1000,0.37581658363342285
2000,1.5652554035186768
